,Price
2024-10-21 09:00:03,23510.0
2024-10-21 09:00:09,23545.0
2024-10-21 09:00:16,23520.0
2024-10-21 09:00:22,23500.0
2024-10-21 09:00:27,23540.0
2024-10-21 09:00:33,23525.0
2024-10-21 09:00:39,23520.0
2024-10-21 09:00:44,23515.0
2024-10-21 09:00:52,23545.0
2024-10-21 09:00:57,23560.0
2024-10-21 09:01:04,23545.0
2024-10-21 09:01:10,23545.0
2024-10-21 09:01:16,23570.0
2024-10-21 09:01:22,23555.0
2024-10-21 09:01:27,23560.0
2024-10-21 09:01:33,23545.0
2024-10-21 09:01:40,23550.0
2024-10-21 09:01:45,23550.0
2024-10-21 09:01:52,23545.0
2024-10-21 09:01:56,23555.0
2024-10-21 09:02:04,23540.0
2024-10-21 09:02:06,23545.0
2024-10-21 09:02:16,23570.0
2024-10-21 09:02:22,23610.0
2024-10-21 09:02:28,23590.0
2024-10-21 09:02:34,23645.0
2024-10-21 09:02:37,23635.0
2024-10-21 09:02:44,23645.0
2024-10-21 09:02:52,23640.0
2024-10-21 09:02:58,23645.0
2024-10-21 09:03:04,23630.0
2024-10-21 09:03:10,23635.0
2024-10-21 09:03:13,23635.0
2024-10-21 09:03:22,23645.0
2024-10-21 09:03:28,23660.0
2024-10-21 09:03:33,23660.0
2024-10-21 09:03:40,23665.0
2024-10-21 09:03:45,23655.0
2024-10-21 09:03:52,23650.0
2024-10-21 09:03:57,23635.0
2024-10-21 09:04:04,23650.0
2024-10-21 09:04:09,23640.0
2024-10-21 09:04:17,23630.0
2024-10-21 09:04:20,23625.0
2024-10-21 09:04:27,23635.0
2024-10-21 09:04:30,23625.0
2024-10-21 09:04:37,23625.0
2024-10-21 09:04:43,23625.0
2024-10-21 09:04:50,23630.0
2024-10-21 09:04:57,23635.0
2024-10-21 09:05:04,23585.0
2024-10-21 09:05:10,23595.0
2024-10-21 09:05:17,23595.0
2024-10-21 09:05:23,23600.0
2024-10-21 09:05:29,23595.0
2024-10-21 09:05:35,23600.0
2024-10-21 09:05:41,23630.0
2024-10-21 09:05:46,23630.0
2024-10-21 09:05:53,23625.0
2024-10-21 09:05:59,23635.0
2024-10-21 09:06:04,23650.0
2024-10-21 09:06:11,23630.0
2024-10-21 09:06:17,23595.0
2024-10-21 09:06:24,23585.0
2024-10-21 09:06:29,23570.0
2024-10-21 09:06:35,23585.0
2024-10-21 09:06:40,23590.0
2024-10-21 09:06:43,23590.0
2024-10-21 09:06:54,23590.0
2024-10-21 09:06:59,23585.0
2024-10-21 09:07:11,23600.0
2024-10-21 09:07:17,23610.0
2024-10-21 09:07:23,23600.0
2024-10-21 09:07:30,23580.0
2024-10-21 09:07:37,23575.0
2024-10-21 09:07:39,23570.0
2024-10-21 09:07:49,23570.0
2024-10-21 09:07:54,23570.0
2024-10-21 09:08:01,23540.0
2024-10-21 09:08:07,23540.0
2024-10-21 09:08:13,23540.0
2024-10-21 09:08:19,23535.0
2024-10-21 09:08:24,23535.0
2024-10-21 09:08:32,23505.0
2024-10-21 09:08:38,23490.0
2024-10-21 09:08:44,23490.0
2024-10-21 09:08:49,23485.0
2024-10-21 09:08:54,23490.0
2024-10-21 09:09:02,23475.0
2024-10-21 09:09:06,23470.0
2024-10-21 09:09:13,23495.0
2024-10-21 09:09:20,23500.0
2024-10-21 09:09:25,23515.0
2024-10-21 09:09:32,23515.0
2024-10-21 09:09:38,23510.0
2024-10-21 09:09:39,23510.0
2024-10-21 09:09:55,23535.0
2024-10-21 09:10:00,23535.0
2024-10-21 09:10:07,23505.0
2024-10-21 09:10:14,23505.0
2024-10-21 09:10:20,23490.0
2024-10-21 09:10:25,23480.0
2024-10-21 09:10:31,23485.0
2024-10-21 09:10:38,23490.0
2024-10-21 09:10:43,23500.0
2024-10-21 09:10:48,23480.0
2024-10-21 09:10:56,23430.0
2024-10-21 09:11:02,23410.0
2024-10-21 09:11:08,23370.0
2024-10-21 09:11:13,23385.0
2024-10-21 09:11:20,23400.0
2024-10-21 09:11:23,23390.0
2024-10-21 09:11:31,23395.0
2024-10-21 09:11:37,23405.0
2024-10-21 09:11:44,23395.0
2024-10-21 09:11:50,23400.0
2024-10-21 09:11:56,23410.0
2024-10-21 09:12:02,23405.0
2024-10-21 09:12:08,23350.0
2024-10-21 09:12:13,23350.0
2024-10-21 09:12:20,23340.0
2024-10-21 09:12:26,23330.0
2024-10-21 09:12:30,23330.0
2024-10-21 09:12:38,23355.0
2024-10-21 09:12:43,23335.0
2024-10-21 09:12:50,23350.0
2024-10-21 09:12:55,23350.0
2024-10-21 09:13:01,23350.0
2024-10-21 09:13:08,23320.0
2024-10-21 09:13:14,23300.0
2024-10-21 09:13:19,23310.0
2024-10-21 09:13:25,23300.0
2024-10-21 09:13:32,23295.0
2024-10-21 09:13:38,23305.0
2024-10-21 09:13:43,23310.0
2024-10-21 09:13:50,23350.0
2024-10-21 09:13:55,23345.0
2024-10-21 09:14:00,23335.0
2024-10-21 09:14:08,23325.0
2024-10-21 09:14:14,23340.0
2024-10-21 09:14:19,23335.0
2024-10-21 09:14:22,23330.0
2024-10-21 09:14:31,23325.0
2024-10-21 09:14:37,23335.0
2024-10-21 09:14:39,23340.0
2024-10-21 09:14:48,23345.0
2024-10-21 09:14:52,23350.0
2024-10-21 09:15:01,23340.0
2024-10-21 09:15:06,23380.0
2024-10-21 09:15:13,23385.0
2024-10-21 09:15:18,23380.0
2024-10-21 09:15:24,23395.0
2024-10-21 09:15:30,23395.0
2024-10-21 09:15:36,23395.0
2024-10-21 09:15:42,23400.0
2024-10-21 09:15:45,23400.0
2024-10-21 09:15:53,23395.0
2024-10-21 09:15:58,23395.0
2024-10-21 09:16:03,23385.0
2024-10-21 09:16:09,23420.0
2024-10-21 09:16:16,23420.0
2024-10-21 09:16:19,23410.0
2024-10-21 09:16:28,23425.0
2024-10-21 09:16:33,23420.0
2024-10-21 09:16:38,23420.0
2024-10-21 09:16:46,23420.0
2024-10-21 09:16:53,23375.0
2024-10-21 09:16:56,23365.0
2024-10-21 09:17:05,23375.0
2024-10-21 09:17:07,23370.0
2024-10-21 09:17:16,23375.0
2024-10-21 09:17:23,23360.0
2024-10-21 09:17:25,23360.0
2024-10-21 09:17:35,23340.0
2024-10-21 09:17:41,23340.0
2024-10-21 09:17:47,23360.0
2024-10-21 09:17:52,23355.0
2024-10-21 09:18:01,23355.0
2024-10-21 09:18:08,23360.0
2024-10-21 09:18:16,23370.0
2024-10-21 09:18:23,23385.0
2024-10-21 09:18:28,23395.0
2024-10-21 09:18:34,23390.0
2024-10-21 09:18:35,23380.0
2024-10-21 09:18:44,23365.0
2024-10-21 09:18:50,23365.0
2024-10-21 09:18:56,23375.0
2024-10-21 09:19:04,23365.0
2024-10-21 09:19:10,23340.0
2024-10-21 09:19:16,23320.0
2024-10-21 09:19:22,23320.0
2024-10-21 09:19:34,23345.0
2024-10-21 09:19:39,23335.0
2024-10-21 09:19:45,23325.0
2024-10-21 09:19:52,23335.0
2024-10-21 09:19:55,23320.0
2024-10-21 09:20:03,23315.0
2024-10-21 09:20:10,23290.0
2024-10-21 09:20:15,23280.0
2024-10-21 09:20:20,23270.0
2024-10-21 09:20:28,23260.0
2024-10-21 09:20:34,23270.0
2024-10-21 09:20:40,23265.0
2024-10-21 09:20:45,23265.0
2024-10-21 09:20:51,23265.0
2024-10-21 09:20:57,23280.0
2024-10-21 09:21:04,23305.0
2024-10-21 09:21:09,23305.0
2024-10-21 09:21:15,23300.0
2024-10-21 09:21:22,23290.0
2024-10-21 09:21:25,23285.0
2024-10-21 09:21:32,23300.0
2024-10-21 09:21:35,23300.0
2024-10-21 09:21:46,23295.0
2024-10-21 09:21:52,23290.0
2024-10-21 09:21:58,23295.0
2024-10-21 09:22:04,23315.0
2024-10-21 09:22:09,23315.0
2024-10-21 09:22:16,23330.0
2024-10-21 09:22:22,23335.0
2024-10-21 09:22:26,23320.0
2024-10-21 09:22:34,23330.0
2024-10-21 09:22:37,23335.0
2024-10-21 09:22:44,23340.0
2024-10-21 09:22:51,23350.0
2024-10-21 09:22:54,23340.0
2024-10-21 09:23:03,23365.0
2024-10-21 09:23:10,23365.0
2024-10-21 09:23:16,23395.0
2024-10-21 09:23:22,23375.0
2024-10-21 09:23:28,23380.0
2024-10-21 09:23:34,23380.0
2024-10-21 09:23:41,23375.0
2024-10-21 09:23:47,23405.0
2024-10-21 09:23:52,23410.0
2024-10-21 09:23:55,23405.0
2024-10-21 09:24:04,23405.0
2024-10-21 09:24:10,23395.0
2024-10-21 09:24:15,23400.0
2024-10-21 09:24:23,23405.0
2024-10-21 09:24:27,23400.0
2024-10-21 09:24:31,23400.0
2024-10-21 09:24:37,23400.0
2024-10-21 09:24:46,23395.0
2024-10-21 09:24:51,23395.0
2024-10-21 09:24:59,23385.0
2024-10-21 09:25:02,23390.0
2024-10-21 09:25:17,23385.0
2024-10-21 09:25:22,23390.0
2024-10-21 09:25:29,23395.0
2024-10-21 09:25:35,23370.0
2024-10-21 09:25:40,23355.0
2024-10-21 09:25:46,23345.0
2024-10-21 09:25:51,23345.0
2024-10-21 09:25:54,23355.0
2024-10-21 09:26:03,23355.0
2024-10-21 09:26:04,23360.0
2024-10-21 09:26:15,23365.0
2024-10-21 09:26:20,23360.0
2024-10-21 09:26:25,23365.0
2024-10-21 09:26:32,23365.0
2024-10-21 09:26:39,23350.0
2024-10-21 09:26:42,23345.0
2024-10-21 09:26:49,23355.0
2024-10-21 09:26:55,23365.0
2024-10-21 09:27:02,23385.0
2024-10-21 09:27:08,23390.0
2024-10-21 09:27:15,23420.0
2024-10-21 09:27:20,23415.0
2024-10-21 09:27:26,23420.0
2024-10-21 09:27:30,23420.0
2024-10-21 09:27:37,23430.0
2024-10-21 09:27:42,23435.0
2024-10-21 09:27:49,23440.0
2024-10-21 09:27:53,23420.0
2024-10-21 09:27:57,23410.0
2024-10-21 09:28:02,23425.0
2024-10-21 09:28:08,23420.0
2024-10-21 09:28:15,23420.0
2024-10-21 09:28:18,23430.0
2024-10-21 09:28:24,23425.0
2024-10-21 09:28:30,23420.0
2024-10-21 09:28:37,23415.0
2024-10-21 09:28:44,23420.0
2024-10-21 09:28:47,23415.0
2024-10-21 09:28:50,23420.0
2024-10-21 09:29:01,23410.0
2024-10-21 09:29:08,23400.0
2024-10-21 09:29:14,23400.0
2024-10-21 09:29:19,23390.0
2024-10-21 09:29:25,23395.0
2024-10-21 09:29:29,23400.0
2024-10-21 09:29:37,23390.0
2024-10-21 09:29:40,23390.0
2024-10-21 09:29:50,23405.0
2024-10-21 09:29:54,23415.0
2024-10-21 09:30:02,23390.0
2024-10-21 09:30:08,23380.0
2024-10-21 09:30:19,23390.0
2024-10-21 09:30:24,23380.0
2024-10-21 09:30:31,23370.0
2024-10-21 09:30:37,23375.0
2024-10-21 09:30:42,23365.0
2024-10-21 09:30:48,23365.0
2024-10-21 09:30:54,23370.0
2024-10-21 09:31:01,23385.0
2024-10-21 09:31:06,23405.0
2024-10-21 09:31:13,23390.0
2024-10-21 09:31:18,23405.0
2024-10-21 09:31:21,23410.0
2024-10-21 09:31:30,23420.0
2024-10-21 09:31:36,23405.0
2024-10-21 09:31:41,23395.0
2024-10-21 09:31:47,23385.0
2024-10-21 09:31:53,23390.0
2024-10-21 09:32:00,23390.0
2024-10-21 09:32:07,23385.0
2024-10-21 09:32:12,23385.0
2024-10-21 09:32:17,23360.0
2024-10-21 09:32:24,23360.0
2024-10-21 09:32:27,23365.0
2024-10-21 09:32:32,23365.0
2024-10-21 09:32:43,23355.0
2024-10-21 09:32:49,23355.0
2024-10-21 09:32:54,23350.0
2024-10-21 09:33:00,23360.0
2024-10-21 09:33:06,23355.0
2024-10-21 09:33:12,23345.0
2024-10-21 09:33:19,23340.0
2024-10-21 09:33:26,23355.0
2024-10-21 09:33:31,23365.0
2024-10-21 09:33:38,23370.0
2024-10-21 09:33:43,23375.0
2024-10-21 09:33:50,23375.0
2024-10-21 09:33:51,23375.0
2024-10-21 09:34:00,23385.0
2024-10-21 09:34:07,23405.0
2024-10-21 09:34:11,23405.0
2024-10-21 09:34:19,23380.0
2024-10-21 09:34:24,23390.0
2024-10-21 09:34:30,23385.0
2024-10-21 09:34:37,23380.0
2024-10-21 09:34:44,23380.0
2024-10-21 09:34:50,23385.0
2024-10-21 09:34:51,23385.0
2024-10-21 09:34:59,23385.0
2024-10-21 09:35:08,23365.0
2024-10-21 09:35:12,23370.0
2024-10-21 09:35:20,23375.0
2024-10-21 09:35:28,23375.0
2024-10-21 09:35:33,23365.0
2024-10-21 09:35:39,23375.0
2024-10-21 09:35:50,23370.0
2024-10-21 09:35:55,23370.0
2024-10-21 09:36:04,23355.0
2024-10-21 09:36:08,23365.0
2024-10-21 09:36:14,23365.0
2024-10-21 09:36:27,23365.0
2024-10-21 09:36:31,23365.0
2024-10-21 09:36:38,23360.0
2024-10-21 09:36:57,23380.0
2024-10-21 09:37:00,23385.0
2024-10-21 09:37:10,23385.0
2024-10-21 09:37:14,23380.0
2024-10-21 09:37:21,23395.0
2024-10-21 09:37:35,23395.0
2024-10-21 09:37:40,23405.0
2024-10-21 09:37:46,23415.0
2024-10-21 09:37:53,23415.0
2024-10-21 09:37:55,23415.0
2024-10-21 09:38:02,23400.0
2024-10-21 09:38:09,23405.0
2024-10-21 09:38:16,23420.0
2024-10-21 09:38:21,23415.0
2024-10-21 09:38:26,23410.0
2024-10-21 09:38:31,23410.0
2024-10-21 09:38:39,23410.0
2024-10-21 09:38:44,23415.0
2024-10-21 09:38:48,23415.0
2024-10-21 09:38:58,23415.0
2024-10-21 09:39:03,23420.0
2024-10-21 09:39:11,23380.0
2024-10-21 09:39:15,23375.0
2024-10-21 09:39:21,23375.0
2024-10-21 09:39:29,23375.0
2024-10-21 09:39:32,23390.0
2024-10-21 09:39:39,23390.0
2024-10-21 09:39:47,23390.0
2024-10-21 09:39:53,23390.0
2024-10-21 09:39:58,23405.0
2024-10-21 09:40:04,23410.0
2024-10-21 09:40:12,23415.0
2024-10-21 09:40:17,23430.0
2024-10-21 09:40:23,23425.0
2024-10-21 09:40:28,23430.0
2024-10-21 09:40:35,23450.0
2024-10-21 09:40:42,23450.0
2024-10-21 09:40:46,23460.0
2024-10-21 09:40:54,23455.0
2024-10-21 09:40:59,23460.0
2024-10-21 09:41:04,23460.0
2024-10-21 09:41:10,23450.0
2024-10-21 09:41:12,23450.0
2024-10-21 09:41:18,23450.0
2024-10-21 09:41:27,23455.0
2024-10-21 09:41:31,23460.0
2024-10-21 09:41:40,23460.0
2024-10-21 09:41:45,23465.0
2024-10-21 09:41:53,23470.0
2024-10-21 09:41:59,23475.0
2024-10-21 09:42:04,23475.0
2024-10-21 09:42:11,23475.0
2024-10-21 09:42:15,23490.0
2024-10-21 09:42:20,23480.0
2024-10-21 09:42:25,23485.0
2024-10-21 09:42:32,23490.0
2024-10-21 09:42:37,23495.0
2024-10-21 09:42:42,23505.0
2024-10-21 09:42:48,23510.0
2024-10-21 09:42:52,23500.0
2024-10-21 09:42:57,23500.0
2024-10-21 09:43:02,23500.0
2024-10-21 09:43:07,23495.0
2024-10-21 09:43:13,23490.0
2024-10-21 09:43:22,23480.0
2024-10-21 09:43:29,23490.0
2024-10-21 09:43:33,23490.0
2024-10-21 09:43:38,23495.0
2024-10-21 09:43:45,23500.0
2024-10-21 09:43:54,23520.0
2024-10-21 09:44:00,23510.0
2024-10-21 09:44:04,23505.0
2024-10-21 09:44:10,23510.0
2024-10-21 09:44:19,23515.0
2024-10-21 09:44:25,23510.0
2024-10-21 09:44:28,23515.0
2024-10-21 09:44:34,23510.0
2024-10-21 09:44:38,23515.0
2024-10-21 09:44:45,23510.0
2024-10-21 09:44:47,23510.0
2024-10-21 09:44:56,23515.0
2024-10-21 09:45:01,23530.0
2024-10-21 09:45:06,23545.0
2024-10-21 09:45:12,23555.0
2024-10-21 09:45:17,23560.0
2024-10-21 09:45:21,23560.0
2024-10-21 09:45:25,23565.0
2024-10-21 09:45:32,23550.0
2024-10-21 09:45:38,23545.0
2024-10-21 09:45:43,23540.0
2024-10-21 09:45:48,23550.0
2024-10-21 09:45:53,23555.0
2024-10-21 09:45:58,23565.0
2024-10-21 09:46:03,23570.0
2024-10-21 09:46:10,23575.0
2024-10-21 09:46:14,23575.0
2024-10-21 09:46:19,23570.0
2024-10-21 09:46:25,23560.0
2024-10-21 09:46:31,23555.0
2024-10-21 09:46:35,23530.0
2024-10-21 09:46:40,23540.0
2024-10-21 09:46:46,23540.0
2024-10-21 09:46:51,23550.0
2024-10-21 09:46:56,23555.0
2024-10-21 09:47:01,23560.0
2024-10-21 09:47:06,23560.0
2024-10-21 09:47:11,23560.0
2024-10-21 09:47:16,23555.0
2024-10-21 09:47:22,23535.0
2024-10-21 09:47:27,23520.0
2024-10-21 09:47:31,23520.0
2024-10-21 09:47:36,23510.0
2024-10-21 09:47:43,23510.0
2024-10-21 09:47:45,23515.0
2024-10-21 09:47:53,23515.0
2024-10-21 09:47:58,23520.0
2024-10-21 09:48:04,23530.0
2024-10-21 09:48:08,23530.0
2024-10-21 09:48:12,23530.0
2024-10-21 09:48:20,23530.0
2024-10-21 09:48:25,23510.0
2024-10-21 09:48:29,23515.0
2024-10-21 09:48:43,23520.0
2024-10-21 09:48:51,23520.0
2024-10-21 09:48:52,23525.0
2024-10-21 09:49:01,23525.0
2024-10-21 09:49:06,23520.0
2024-10-21 09:49:11,23515.0
2024-10-21 09:49:14,23520.0
2024-10-21 09:49:20,23515.0
2024-10-21 09:49:28,23500.0
2024-10-21 09:49:33,23495.0
2024-10-21 09:49:37,23500.0
2024-10-21 09:49:43,23515.0
2024-10-21 09:49:48,23520.0
2024-10-21 09:49:54,23525.0
2024-10-21 09:49:58,23520.0
2024-10-21 09:50:03,23520.0
2024-10-21 09:50:08,23535.0
2024-10-21 09:50:12,23530.0
2024-10-21 09:50:19,23535.0
2024-10-21 09:50:22,23525.0
2024-10-21 09:50:28,23520.0
2024-10-21 09:50:33,23515.0
2024-10-21 09:50:40,23500.0
2024-10-21 09:50:46,23500.0
2024-10-21 09:50:49,23500.0
2024-10-21 09:50:57,23505.0
2024-10-21 09:51:03,23500.0
2024-10-21 09:51:09,23500.0
2024-10-21 09:51:21,23505.0
2024-10-21 09:51:33,23495.0
2024-10-21 09:51:39,23495.0
2024-10-21 09:51:45,23495.0
2024-10-21 09:51:47,23495.0
2024-10-21 09:51:56,23505.0
2024-10-21 09:52:02,23500.0
2024-10-21 09:52:08,23505.0
2024-10-21 09:52:14,23500.0
2024-10-21 09:52:22,23500.0
2024-10-21 09:52:27,23485.0
2024-10-21 09:52:33,23480.0
2024-10-21 09:52:39,23485.0
2024-10-21 09:52:44,23480.0
2024-10-21 09:52:52,23480.0
2024-10-21 09:52:56,23495.0
2024-10-21 09:52:59,23495.0
2024-10-21 09:53:05,23490.0
2024-10-21 09:53:18,23505.0
2024-10-21 09:53:22,23500.0
2024-10-21 09:53:30,23500.0
2024-10-21 09:53:35,23500.0
2024-10-21 09:53:40,23500.0
2024-10-21 09:53:46,23500.0
2024-10-21 09:53:54,23510.0
2024-10-21 09:53:56,23510.0
2024-10-21 09:54:13,23510.0
2024-10-21 09:54:18,23510.0
2024-10-21 09:54:21,23505.0
2024-10-21 09:54:31,23505.0
2024-10-21 09:54:34,23500.0
2024-10-21 09:54:40,23505.0
2024-10-21 09:54:45,23490.0
2024-10-21 09:54:53,23500.0
2024-10-21 09:54:59,23525.0
2024-10-21 09:55:05,23520.0
2024-10-21 09:55:09,23535.0
2024-10-21 09:55:17,23530.0
2024-10-21 09:55:18,23525.0
2024-10-21 09:55:27,23520.0
2024-10-21 09:55:35,23520.0
2024-10-21 09:55:47,23530.0
2024-10-21 09:55:52,23530.0
2024-10-21 09:55:56,23525.0
2024-10-21 09:56:05,23545.0
2024-10-21 09:56:10,23540.0
2024-10-21 09:56:14,23535.0
2024-10-21 09:56:22,23540.0
2024-10-21 09:56:26,23535.0
2024-10-21 09:56:33,23525.0
2024-10-21 09:56:39,23530.0
2024-10-21 09:56:43,23545.0
2024-10-21 09:56:51,23550.0
2024-10-21 09:56:57,23545.0
2024-10-21 09:57:03,23540.0
2024-10-21 09:57:10,23535.0
2024-10-21 09:57:15,23535.0
2024-10-21 09:57:21,23525.0
2024-10-21 09:57:25,23535.0
2024-10-21 09:57:31,23550.0
2024-10-21 09:57:36,23545.0
2024-10-21 09:57:45,23550.0
2024-10-21 09:57:49,23550.0
2024-10-21 09:57:57,23545.0
2024-10-21 09:58:04,23525.0
2024-10-21 09:58:12,23535.0
2024-10-21 09:58:22,23535.0
2024-10-21 09:58:28,23535.0
2024-10-21 09:58:34,23515.0
2024-10-21 09:58:38,23510.0
2024-10-21 09:58:45,23505.0
2024-10-21 09:58:50,23510.0
2024-10-21 09:58:55,23510.0
2024-10-21 09:59:04,23510.0
2024-10-21 09:59:09,23510.0
2024-10-21 09:59:14,23505.0
2024-10-21 09:59:19,23505.0
2024-10-21 09:59:27,23510.0
2024-10-21 09:59:33,23520.0
2024-10-21 09:59:40,23525.0
2024-10-21 09:59:45,23525.0
2024-10-21 09:59:50,23535.0
2024-10-21 09:59:57,23545.0
2024-10-21 10:00:03,23550.0
2024-10-21 10:00:10,23545.0
2024-10-21 10:00:16,23555.0
2024-10-21 10:00:20,23555.0
2024-10-21 10:00:28,23565.0
2024-10-21 10:00:33,23560.0
2024-10-21 10:00:36,23565.0
2024-10-21 10:00:46,23575.0
2024-10-21 10:00:52,23570.0
2024-10-21 10:00:56,23550.0
2024-10-21 10:01:04,23550.0
2024-10-21 10:01:10,23550.0
2024-10-21 10:01:16,23560.0
2024-10-21 10:01:18,23560.0
2024-10-21 10:01:28,23570.0
2024-10-21 10:01:33,23575.0
2024-10-21 10:01:40,23610.0
2024-10-21 10:01:45,23610.0
2024-10-21 10:01:51,23610.0
2024-10-21 10:01:57,23615.0
2024-10-21 10:02:04,23610.0
2024-10-21 10:02:10,23600.0
2024-10-21 10:02:16,23590.0
2024-10-21 10:02:22,23600.0
2024-10-21 10:02:27,23600.0
2024-10-21 10:02:33,23600.0
2024-10-21 10:02:40,23580.0
2024-10-21 10:02:46,23570.0
2024-10-21 10:02:52,23565.0
2024-10-21 10:02:57,23575.0
2024-10-21 10:03:03,23570.0
2024-10-21 10:03:09,23565.0
2024-10-21 10:03:15,23565.0
2024-10-21 10:03:22,23570.0
2024-10-21 10:03:27,23575.0
2024-10-21 10:03:30,23575.0
2024-10-21 10:03:40,23575.0
2024-10-21 10:03:49,23580.0
2024-10-21 10:03:56,23585.0
2024-10-21 10:04:02,23580.0
2024-10-21 10:04:09,23585.0
2024-10-21 10:04:13,23590.0
2024-10-21 10:04:21,23590.0
2024-10-21 10:04:27,23585.0
2024-10-21 10:04:33,23595.0
2024-10-21 10:04:36,23595.0
2024-10-21 10:04:40,23590.0
2024-10-21 10:04:49,23585.0
2024-10-21 10:04:57,23590.0
2024-10-21 10:05:08,23595.0
2024-10-21 10:05:14,23600.0
2024-10-21 10:05:20,23605.0
2024-10-21 10:05:26,23610.0
2024-10-21 10:05:33,23610.0
2024-10-21 10:05:40,23605.0
2024-10-21 10:05:42,23600.0
2024-10-21 10:05:51,23605.0
2024-10-21 10:05:57,23605.0
2024-10-21 10:06:04,23600.0
2024-10-21 10:06:10,23595.0
2024-10-21 10:06:15,23600.0
2024-10-21 10:06:17,23600.0
2024-10-21 10:06:28,23605.0
2024-10-21 10:06:31,23610.0
2024-10-21 10:06:39,23605.0
2024-10-21 10:06:47,23595.0
2024-10-21 10:06:52,23605.0
2024-10-21 10:06:58,23610.0
2024-10-21 10:07:03,23620.0
2024-10-21 10:07:11,23625.0
2024-10-21 10:07:15,23625.0
2024-10-21 10:07:23,23635.0
2024-10-21 10:07:42,23635.0
2024-10-21 10:07:45,23640.0
2024-10-21 10:07:51,23640.0
2024-10-21 10:07:58,23625.0
2024-10-21 10:08:03,23625.0
2024-10-21 10:08:10,23640.0
2024-10-21 10:08:15,23640.0
2024-10-21 10:08:21,23650.0
2024-10-21 10:08:27,23640.0
2024-10-21 10:08:32,23630.0
2024-10-21 10:08:37,23630.0
2024-10-21 10:08:43,23625.0
2024-10-21 10:08:51,23620.0
2024-10-21 10:08:56,23615.0
2024-10-21 10:09:03,23615.0
2024-10-21 10:09:04,23615.0
2024-10-21 10:09:15,23600.0
2024-10-21 10:09:21,23615.0
2024-10-21 10:09:26,23615.0
2024-10-21 10:09:33,23615.0
2024-10-21 10:09:37,23615.0
2024-10-21 10:09:44,23610.0
2024-10-21 10:09:45,23610.0
2024-10-21 10:10:03,23615.0
2024-10-21 10:10:09,23610.0
2024-10-21 10:10:14,23610.0
2024-10-21 10:10:21,23615.0
2024-10-21 10:10:25,23625.0
2024-10-21 10:10:31,23630.0
2024-10-21 10:10:39,23625.0
2024-10-21 10:10:45,23625.0
2024-10-21 10:10:47,23625.0
2024-10-21 10:10:54,23630.0
2024-10-21 10:10:59,23625.0
2024-10-21 10:11:07,23625.0
2024-10-21 10:11:17,23630.0
2024-10-21 10:11:23,23625.0
2024-10-21 10:11:33,23625.0
2024-10-21 10:11:41,23625.0
2024-10-21 10:11:46,23630.0
2024-10-21 10:11:50,23630.0
2024-10-21 10:11:58,23635.0
2024-10-21 10:12:02,23630.0
2024-10-21 10:12:11,23620.0
2024-10-21 10:12:20,23625.0
2024-10-21 10:12:23,23620.0
2024-10-21 10:12:33,23635.0
2024-10-21 10:12:37,23640.0
2024-10-21 10:12:43,23640.0
2024-10-21 10:12:48,23635.0
2024-10-21 10:12:57,23630.0
2024-10-21 10:13:01,23625.0
2024-10-21 10:13:11,23620.0
2024-10-21 10:13:17,23610.0
2024-10-21 10:13:22,23590.0
2024-10-21 10:13:30,23610.0
2024-10-21 10:13:35,23605.0
2024-10-21 10:13:41,23590.0
2024-10-21 10:13:47,23595.0
2024-10-21 10:13:49,23600.0
2024-10-21 10:13:58,23600.0
2024-10-21 10:14:04,23600.0
2024-10-21 10:14:12,23595.0
2024-10-21 10:14:18,23590.0
2024-10-21 10:14:21,23590.0
2024-10-21 10:14:26,23600.0
2024-10-21 10:14:34,23600.0
2024-10-21 10:14:45,23590.0
2024-10-21 10:14:49,23590.0
2024-10-21 10:14:58,23595.0
2024-10-21 10:15:03,23600.0
2024-10-21 10:15:08,23605.0
2024-10-21 10:15:16,23590.0
2024-10-21 10:15:22,23600.0
2024-10-21 10:15:29,23595.0
2024-10-21 10:15:34,23595.0
2024-10-21 10:15:41,23600.0
2024-10-21 10:15:47,23595.0
2024-10-21 10:15:53,23595.0
2024-10-21 10:15:58,23590.0
2024-10-21 10:16:06,23580.0
2024-10-21 10:16:13,23590.0
2024-10-21 10:16:17,23600.0
2024-10-21 10:16:24,23600.0
2024-10-21 10:16:29,23595.0
2024-10-21 10:16:35,23595.0
2024-10-21 10:16:41,23595.0
2024-10-21 10:16:47,23595.0
2024-10-21 10:16:54,23580.0
2024-10-21 10:16:59,23585.0
2024-10-21 10:17:04,23590.0
2024-10-21 10:17:13,23595.0
2024-10-21 10:17:25,23600.0
2024-10-21 10:17:34,23605.0
2024-10-21 10:17:43,23610.0
2024-10-21 10:17:47,23610.0
2024-10-21 10:18:01,23615.0
2024-10-21 10:18:06,23620.0
2024-10-21 10:18:10,23620.0
2024-10-21 10:18:15,23615.0
2024-10-21 10:18:25,23620.0
2024-10-21 10:18:31,23625.0
2024-10-21 10:18:36,23620.0
2024-10-21 10:18:41,23620.0
2024-10-21 10:18:47,23630.0
2024-10-21 10:18:52,23625.0
2024-10-21 10:19:00,23625.0
2024-10-21 10:19:06,23625.0
2024-10-21 10:19:12,23625.0
2024-10-21 10:19:19,23615.0
2024-10-21 10:19:26,23620.0
2024-10-21 10:19:38,23625.0
2024-10-21 10:19:50,23620.0
2024-10-21 10:19:52,23615.0
2024-10-21 10:20:03,23615.0
2024-10-21 10:20:09,23605.0
2024-10-21 10:20:15,23595.0
2024-10-21 10:20:20,23595.0
2024-10-21 10:20:25,23595.0
2024-10-21 10:20:37,23600.0
2024-10-21 10:20:45,23595.0
2024-10-21 10:20:49,23590.0
2024-10-21 10:20:54,23590.0
2024-10-21 10:21:02,23585.0
2024-10-21 10:21:08,23585.0
2024-10-21 10:21:13,23590.0
2024-10-21 10:21:18,23600.0
2024-10-21 10:21:29,23600.0
2024-10-21 10:21:37,23605.0
2024-10-21 10:21:41,23605.0
2024-10-21 10:21:50,23615.0
2024-10-21 10:21:53,23615.0
2024-10-21 10:22:01,23620.0
2024-10-21 10:22:06,23630.0
2024-10-21 10:22:11,23610.0
2024-10-21 10:22:17,23640.0
2024-10-21 10:22:22,23640.0
2024-10-21 10:22:27,23645.0
2024-10-21 10:22:31,23645.0
2024-10-21 10:22:36,23645.0
2024-10-21 10:22:43,23665.0
2024-10-21 10:22:48,23660.0
2024-10-21 10:22:49,23655.0
2024-10-21 10:22:58,23650.0
2024-10-21 10:23:00,23645.0
2024-10-21 10:23:07,23655.0
2024-10-21 10:23:13,23660.0
2024-10-21 10:23:17,23660.0
2024-10-21 10:23:24,23660.0
2024-10-21 10:23:29,23655.0
2024-10-21 10:23:34,23655.0
2024-10-21 10:23:39,23650.0
2024-10-21 10:23:45,23660.0
2024-10-21 10:23:49,23660.0
2024-10-21 10:23:54,23670.0
2024-10-21 10:24:00,23665.0
2024-10-21 10:24:05,23655.0
2024-10-21 10:24:11,23665.0
2024-10-21 10:24:18,23665.0
2024-10-21 10:24:24,23665.0
2024-10-21 10:24:26,23665.0
2024-10-21 10:24:34,23650.0
2024-10-21 10:24:37,23635.0
2024-10-21 10:24:42,23640.0
2024-10-21 10:24:48,23645.0
2024-10-21 10:24:55,23645.0
2024-10-21 10:24:58,23645.0
2024-10-21 10:25:07,23655.0
2024-10-21 10:25:10,23655.0
2024-10-21 10:25:18,23655.0
2024-10-21 10:25:22,23650.0
2024-10-21 10:25:27,23650.0
2024-10-21 10:25:36,23650.0
2024-10-21 10:25:42,23650.0
2024-10-21 10:25:48,23650.0
2024-10-21 10:26:00,23655.0
2024-10-21 10:26:06,23640.0
2024-10-21 10:26:13,23630.0
2024-10-21 10:26:17,23635.0
2024-10-21 10:26:23,23635.0
2024-10-21 10:26:29,23640.0
2024-10-21 10:26:39,23640.0
2024-10-21 10:26:58,23640.0
2024-10-21 10:27:03,23660.0
2024-10-21 10:27:10,23655.0
2024-10-21 10:27:12,23650.0
2024-10-21 10:27:17,23660.0
2024-10-21 10:27:26,23660.0
2024-10-21 10:27:33,23665.0
2024-10-21 10:27:36,23665.0
2024-10-21 10:27:46,23675.0
2024-10-21 10:27:52,23675.0
2024-10-21 10:27:58,23680.0
2024-10-21 10:28:08,23685.0
2024-10-21 10:28:14,23685.0
2024-10-21 10:28:20,23675.0
2024-10-21 10:28:23,23670.0
2024-10-21 10:28:31,23675.0
2024-10-21 10:28:41,23675.0
2024-10-21 10:28:50,23670.0
2024-10-21 10:28:57,23675.0
2024-10-21 10:29:01,23675.0
2024-10-21 10:29:07,23675.0
2024-10-21 10:29:13,23675.0
2024-10-21 10:29:18,23675.0
2024-10-21 10:29:27,23675.0
2024-10-21 10:29:36,23670.0
2024-10-21 10:29:45,23665.0
2024-10-21 10:29:55,23635.0
2024-10-21 10:30:01,23640.0
2024-10-21 10:30:07,23650.0
2024-10-21 10:30:10,23650.0
2024-10-21 10:30:18,23665.0
2024-10-21 10:30:22,23660.0
2024-10-21 10:30:28,23650.0
2024-10-21 10:30:36,23645.0
2024-10-21 10:30:42,23650.0
2024-10-21 10:30:44,23650.0
2024-10-21 10:30:55,23645.0
2024-10-21 10:30:57,23645.0
2024-10-21 10:31:13,23635.0
2024-10-21 10:31:20,23635.0
2024-10-21 10:31:26,23625.0
2024-10-21 10:31:33,23620.0
2024-10-21 10:31:44,23625.0
2024-10-21 10:31:50,23625.0
2024-10-21 10:31:59,23615.0
2024-10-21 10:32:06,23630.0
2024-10-21 10:32:11,23620.0
2024-10-21 10:32:18,23620.0
2024-10-21 10:32:22,23620.0
2024-10-21 10:32:32,23605.0
2024-10-21 10:32:41,23610.0
2024-10-21 10:32:48,23615.0
2024-10-21 10:32:53,23610.0
2024-10-21 10:32:59,23615.0
2024-10-21 10:33:07,23615.0
2024-10-21 10:33:13,23600.0
2024-10-21 10:33:19,23590.0
2024-10-21 10:33:21,23585.0
2024-10-21 10:33:29,23585.0
2024-10-21 10:33:36,23585.0
2024-10-21 10:33:37,23590.0
2024-10-21 10:33:50,23590.0
2024-10-21 10:34:00,23585.0
2024-10-21 10:34:06,23570.0
2024-10-21 10:34:10,23580.0
2024-10-21 10:34:18,23565.0
2024-10-21 10:34:24,23560.0
2024-10-21 10:34:31,23550.0
2024-10-21 10:34:37,23560.0
2024-10-21 10:34:43,23565.0
2024-10-21 10:34:53,23575.0
2024-10-21 10:35:01,23575.0
2024-10-21 10:35:07,23580.0
2024-10-21 10:35:11,23595.0
2024-10-21 10:35:18,23595.0
2024-10-21 10:35:25,23595.0
2024-10-21 10:35:31,23595.0
2024-10-21 10:35:39,23600.0
2024-10-21 10:35:43,23595.0
2024-10-21 10:35:57,23595.0
2024-10-21 10:36:03,23595.0
2024-10-21 10:36:05,23595.0
2024-10-21 10:36:14,23605.0
2024-10-21 10:36:21,23610.0
2024-10-21 10:36:28,23605.0
2024-10-21 10:36:29,23600.0
2024-10-21 10:36:39,23605.0
2024-10-21 10:36:52,23605.0
2024-10-21 10:36:58,23595.0
2024-10-21 10:36:59,23590.0
2024-10-21 10:37:08,23595.0
2024-10-21 10:37:14,23605.0
2024-10-21 10:37:22,23605.0
2024-10-21 10:37:32,23620.0
2024-10-21 10:37:38,23620.0
2024-10-21 10:37:54,23615.0
2024-10-21 10:38:03,23605.0
2024-10-21 10:38:06,23610.0
2024-10-21 10:38:14,23605.0
2024-10-21 10:38:20,23605.0
2024-10-21 10:38:28,23605.0
2024-10-21 10:38:35,23595.0
2024-10-21 10:38:42,23595.0
2024-10-21 10:38:47,23590.0
2024-10-21 10:38:54,23590.0
2024-10-21 10:39:04,23585.0
2024-10-21 10:39:15,23570.0
2024-10-21 10:39:20,23575.0
2024-10-21 10:39:24,23575.0
2024-10-21 10:39:29,23575.0
2024-10-21 10:39:37,23575.0
2024-10-21 10:39:45,23570.0
2024-10-21 10:39:50,23575.0
2024-10-21 10:39:57,23570.0
2024-10-21 10:40:02,23570.0
2024-10-21 10:40:05,23570.0
2024-10-21 10:40:13,23580.0
2024-10-21 10:40:18,23580.0
2024-10-21 10:40:24,23585.0
2024-10-21 10:40:32,23585.0
2024-10-21 10:40:37,23585.0
2024-10-21 10:40:45,23600.0
2024-10-21 10:40:50,23600.0
2024-10-21 10:40:57,23600.0
2024-10-21 10:40:58,23595.0
2024-10-21 10:41:08,23600.0
2024-10-21 10:41:17,23595.0
2024-10-21 10:41:26,23595.0
2024-10-21 10:41:29,23595.0
2024-10-21 10:41:36,23595.0
2024-10-21 10:41:55,23585.0
2024-10-21 10:41:58,23585.0
2024-10-21 10:42:08,23585.0
2024-10-21 10:42:14,23590.0
2024-10-21 10:42:19,23585.0
2024-10-21 10:42:25,23590.0
2024-10-21 10:42:30,23595.0
2024-10-21 10:42:37,23585.0
2024-10-21 10:42:42,23580.0
2024-10-21 10:42:49,23585.0
2024-10-21 10:42:57,23595.0
2024-10-21 10:43:00,23595.0
2024-10-21 10:43:07,23600.0
2024-10-21 10:43:18,23605.0
2024-10-21 10:43:26,23615.0
2024-10-21 10:43:30,23620.0
2024-10-21 10:43:38,23620.0
2024-10-21 10:43:41,23615.0
2024-10-21 10:43:49,23620.0
2024-10-21 10:43:57,23625.0
2024-10-21 10:44:03,23625.0
2024-10-21 10:44:20,23620.0
2024-10-21 10:44:22,23625.0
2024-10-21 10:44:28,23625.0
2024-10-21 10:44:45,23615.0
2024-10-21 10:44:49,23620.0
2024-10-21 10:44:55,23615.0
2024-10-21 10:45:00,23615.0
2024-10-21 10:45:08,23620.0
2024-10-21 10:45:13,23615.0
2024-10-21 10:45:17,23610.0
2024-10-21 10:45:26,23620.0
2024-10-21 10:45:34,23625.0
2024-10-21 10:45:38,23625.0
2024-10-21 10:45:41,23625.0
2024-10-21 10:45:52,23625.0
2024-10-21 10:45:55,23625.0
2024-10-21 10:46:04,23615.0
2024-10-21 10:46:07,23615.0
2024-10-21 10:46:13,23610.0
2024-10-21 10:46:16,23610.0
2024-10-21 10:46:27,23610.0
2024-10-21 10:46:34,23610.0
2024-10-21 10:46:37,23615.0
2024-10-21 10:46:46,23620.0
2024-10-21 10:46:52,23615.0
2024-10-21 10:47:01,23620.0
2024-10-21 10:47:10,23620.0
2024-10-21 10:47:23,23635.0
2024-10-21 10:47:24,23640.0
2024-10-21 10:47:34,23630.0
2024-10-21 10:47:39,23635.0
2024-10-21 10:47:41,23635.0
2024-10-21 10:47:50,23635.0
2024-10-21 10:47:57,23645.0
2024-10-21 10:48:04,23660.0
2024-10-21 10:48:10,23660.0
2024-10-21 10:48:16,23660.0
2024-10-21 10:48:22,23660.0
2024-10-21 10:48:28,23665.0
2024-10-21 10:48:30,23660.0
2024-10-21 10:48:36,23655.0
2024-10-21 10:48:46,23655.0
2024-10-21 10:48:48,23655.0
2024-10-21 10:48:59,23655.0
2024-10-21 10:49:03,23660.0
2024-10-21 10:49:09,23670.0
2024-10-21 10:49:14,23670.0
2024-10-21 10:49:16,23670.0
2024-10-21 10:49:24,23685.0
2024-10-21 10:49:30,23690.0
2024-10-21 10:49:32,23685.0
2024-10-21 10:49:41,23685.0
2024-10-21 10:49:43,23675.0
2024-10-21 10:49:52,23685.0
2024-10-21 10:49:57,23695.0
2024-10-21 10:50:02,23690.0
2024-10-21 10:50:09,23690.0
2024-10-21 10:50:16,23705.0
2024-10-21 10:50:20,23705.0
2024-10-21 10:50:27,23700.0
2024-10-21 10:50:33,23695.0
2024-10-21 10:50:38,23700.0
2024-10-21 10:50:45,23695.0
2024-10-21 10:50:50,23690.0
2024-10-21 10:50:53,23695.0
2024-10-21 10:51:03,23700.0
2024-10-21 10:51:08,23700.0
2024-10-21 10:51:21,23705.0
2024-10-21 10:51:23,23700.0
2024-10-21 10:51:31,23700.0
2024-10-21 10:51:38,23705.0
2024-10-21 10:51:39,23705.0
2024-10-21 10:51:52,23690.0
2024-10-21 10:51:57,23685.0
2024-10-21 10:52:04,23690.0
2024-10-21 10:52:11,23690.0
2024-10-21 10:52:17,23685.0
2024-10-21 10:52:21,23690.0
2024-10-21 10:52:32,23685.0
2024-10-21 10:52:38,23685.0
2024-10-21 10:52:46,23680.0
2024-10-21 10:52:49,23680.0
2024-10-21 10:52:59,23685.0
2024-10-21 10:53:03,23690.0
2024-10-21 10:53:11,23695.0
2024-10-21 10:53:20,23690.0
2024-10-21 10:53:29,23685.0
2024-10-21 10:53:31,23675.0
2024-10-21 10:53:40,23675.0
2024-10-21 10:53:43,23675.0
2024-10-21 10:53:51,23675.0
2024-10-21 10:53:59,23685.0
2024-10-21 10:54:03,23685.0
2024-10-21 10:54:10,23685.0
2024-10-21 10:54:15,23680.0
2024-10-21 10:54:22,23685.0
2024-10-21 10:54:24,23685.0
2024-10-21 10:54:35,23690.0
2024-10-21 10:54:39,23695.0
2024-10-21 10:54:45,23690.0
2024-10-21 10:54:52,23690.0
2024-10-21 10:55:03,23690.0
2024-10-21 10:55:08,23690.0
2024-10-21 10:55:14,23685.0
2024-10-21 10:55:20,23680.0
2024-10-21 10:55:27,23690.0
2024-10-21 10:55:38,23685.0
2024-10-21 10:55:53,23685.0
2024-10-21 10:55:57,23685.0
2024-10-21 10:56:04,23690.0
2024-10-21 10:56:07,23690.0
2024-10-21 10:56:15,23680.0
2024-10-21 10:56:24,23690.0
2024-10-21 10:56:29,23695.0
2024-10-21 10:56:34,23690.0
2024-10-21 10:56:42,23685.0
2024-10-21 10:56:48,23685.0
2024-10-21 10:56:55,23685.0
2024-10-21 10:57:11,23690.0
2024-10-21 10:57:16,23690.0
2024-10-21 10:57:23,23690.0
2024-10-21 10:57:32,23690.0
2024-10-21 10:57:44,23695.0
2024-10-21 10:57:57,23695.0
2024-10-21 10:58:00,23695.0
2024-10-21 10:58:10,23695.0
2024-10-21 10:58:19,23685.0
2024-10-21 10:58:24,23675.0
2024-10-21 10:58:29,23680.0
2024-10-21 10:58:40,23675.0
2024-10-21 10:58:46,23670.0
2024-10-21 10:58:47,23665.0
2024-10-21 10:58:54,23665.0
2024-10-21 10:59:02,23660.0
2024-10-21 10:59:04,23660.0
2024-10-21 10:59:16,23660.0
2024-10-21 10:59:21,23660.0
2024-10-21 10:59:31,23660.0
2024-10-21 10:59:38,23670.0
2024-10-21 10:59:44,23660.0
2024-10-21 10:59:49,23660.0
2024-10-21 10:59:54,23660.0
2024-10-21 11:00:03,23655.0
2024-10-21 11:00:07,23655.0
2024-10-21 11:00:15,23655.0
2024-10-21 11:00:17,23665.0
2024-10-21 11:00:21,23665.0
2024-10-21 11:00:39,23665.0
2024-10-21 11:00:45,23680.0
2024-10-21 11:00:49,23690.0
2024-10-21 11:00:55,23690.0
2024-10-21 11:00:57,23690.0
2024-10-21 11:01:08,23690.0
2024-10-21 11:01:13,23695.0
2024-10-21 11:01:17,23685.0
2024-10-21 11:01:24,23685.0
2024-10-21 11:01:28,23685.0
2024-10-21 11:01:32,23685.0
2024-10-21 11:01:41,23675.0
2024-10-21 11:01:44,23685.0
2024-10-21 11:01:52,23695.0
2024-10-21 11:01:57,23690.0
2024-10-21 11:02:03,23690.0
2024-10-21 11:02:11,23690.0
2024-10-21 11:02:30,23680.0
2024-10-21 11:02:33,23680.0
2024-10-21 11:02:38,23685.0
2024-10-21 11:02:48,23690.0
2024-10-21 11:02:59,23685.0
2024-10-21 11:03:10,23685.0
2024-10-21 11:03:17,23680.0
2024-10-21 11:03:31,23685.0
2024-10-21 11:03:39,23685.0
2024-10-21 11:03:53,23685.0
2024-10-21 11:03:55,23685.0
2024-10-21 11:04:01,23685.0
2024-10-21 11:04:12,23710.0
2024-10-21 11:04:19,23720.0
2024-10-21 11:04:24,23720.0
2024-10-21 11:04:29,23725.0
2024-10-21 11:04:35,23730.0
2024-10-21 11:04:42,23735.0
2024-10-21 11:04:47,23735.0
2024-10-21 11:04:53,23735.0
2024-10-21 11:04:58,23740.0
2024-10-21 11:05:06,23750.0
2024-10-21 11:05:12,23755.0
2024-10-21 11:05:15,23755.0
2024-10-21 11:05:22,23740.0
2024-10-21 11:05:29,23735.0
2024-10-21 11:05:35,23735.0
2024-10-21 11:05:42,23740.0
2024-10-21 11:05:50,23740.0
2024-10-21 11:05:54,23745.0
2024-10-21 11:06:02,23745.0
2024-10-21 11:06:07,23755.0
2024-10-21 11:06:13,23750.0
2024-10-21 11:06:18,23745.0
2024-10-21 11:06:26,23750.0
2024-10-21 11:06:31,23755.0
2024-10-21 11:06:36,23755.0
2024-10-21 11:06:43,23755.0
2024-10-21 11:06:50,23755.0
2024-10-21 11:06:54,23755.0
2024-10-21 11:07:01,23750.0
2024-10-21 11:07:07,23770.0
2024-10-21 11:07:12,23755.0
2024-10-21 11:07:20,23760.0
2024-10-21 11:07:26,23765.0
2024-10-21 11:07:28,23760.0
2024-10-21 11:07:36,23760.0
2024-10-21 11:07:44,23770.0
2024-10-21 11:07:52,23765.0
2024-10-21 11:07:59,23765.0
2024-10-21 11:08:04,23765.0
2024-10-21 11:08:07,23765.0
2024-10-21 11:08:15,23770.0
2024-10-21 11:08:20,23775.0
2024-10-21 11:08:23,23775.0
2024-10-21 11:08:30,23775.0
2024-10-21 11:08:35,23775.0
2024-10-21 11:08:40,23780.0
2024-10-21 11:08:45,23780.0
2024-10-21 11:08:50,23775.0
2024-10-21 11:08:55,23775.0
2024-10-21 11:09:00,23770.0
2024-10-21 11:09:07,23770.0
2024-10-21 11:09:15,23760.0
2024-10-21 11:09:22,23745.0
2024-10-21 11:09:27,23750.0
2024-10-21 11:09:32,23750.0
2024-10-21 11:09:35,23755.0
2024-10-21 11:09:38,23755.0
2024-10-21 11:09:47,23745.0
2024-10-21 11:09:53,23745.0
2024-10-21 11:09:56,23750.0
2024-10-21 11:10:03,23740.0
2024-10-21 11:10:06,23740.0
2024-10-21 11:10:16,23745.0
2024-10-21 11:10:27,23735.0
2024-10-21 11:10:41,23735.0
2024-10-21 11:10:49,23735.0
2024-10-21 11:10:58,23740.0
2024-10-21 11:11:04,23745.0
2024-10-21 11:11:10,23750.0
2024-10-21 11:11:16,23745.0
2024-10-21 11:11:21,23745.0
2024-10-21 11:11:33,23730.0
2024-10-21 11:11:41,23730.0
2024-10-21 11:11:43,23740.0
2024-10-21 11:11:48,23740.0
2024-10-21 11:12:03,23745.0
2024-10-21 11:12:11,23755.0
2024-10-21 11:12:16,23765.0
2024-10-21 11:12:20,23775.0
2024-10-21 11:12:28,23765.0
2024-10-21 11:12:40,23760.0
2024-10-21 11:12:44,23760.0
2024-10-21 11:12:47,23765.0
2024-10-21 11:12:55,23770.0
2024-10-21 11:13:05,23770.0
2024-10-21 11:13:08,23770.0
2024-10-21 11:13:16,23770.0
2024-10-21 11:13:27,23770.0
2024-10-21 11:13:41,23780.0
2024-10-21 11:13:44,23780.0
2024-10-21 11:13:50,23780.0
2024-10-21 11:13:56,23780.0
2024-10-21 11:14:03,23775.0
2024-10-21 11:14:08,23780.0
2024-10-21 11:14:16,23770.0
2024-10-21 11:14:23,23775.0
2024-10-21 11:14:29,23775.0
2024-10-21 11:14:34,23770.0
2024-10-21 11:14:37,23775.0
2024-10-21 11:14:46,23765.0
2024-10-21 11:14:51,23760.0
2024-10-21 11:14:58,23770.0
2024-10-21 11:15:03,23765.0
2024-10-21 11:15:09,23760.0
2024-10-21 11:15:13,23760.0
2024-10-21 11:15:18,23760.0
2024-10-21 11:15:27,23760.0
2024-10-21 11:15:35,23760.0
2024-10-21 11:15:45,23760.0
2024-10-21 11:15:59,23765.0
2024-10-21 11:16:04,23765.0
2024-10-21 11:16:13,23765.0
2024-10-21 11:16:22,23765.0
2024-10-21 11:16:26,23770.0
2024-10-21 11:16:33,23775.0
2024-10-21 11:16:38,23775.0
2024-10-21 11:16:42,23770.0
2024-10-21 11:16:52,23775.0
2024-10-21 11:16:58,23785.0
2024-10-21 11:17:05,23765.0
2024-10-21 11:17:17,23755.0
2024-10-21 11:17:22,23750.0
2024-10-21 11:17:28,23755.0
2024-10-21 11:17:31,23755.0
2024-10-21 11:17:44,23755.0
2024-10-21 11:17:59,23740.0
2024-10-21 11:18:12,23745.0
2024-10-21 11:18:15,23750.0
2024-10-21 11:18:22,23745.0
2024-10-21 11:18:30,23735.0
2024-10-21 11:18:34,23740.0
2024-10-21 11:18:39,23745.0
2024-10-21 11:18:43,23745.0
2024-10-21 11:18:54,23755.0
2024-10-21 11:19:04,23765.0
2024-10-21 11:19:10,23755.0
2024-10-21 11:19:17,23760.0
2024-10-21 11:19:21,23760.0
2024-10-21 11:19:29,23755.0
2024-10-21 11:19:31,23755.0
2024-10-21 11:19:44,23755.0
2024-10-21 11:19:52,23750.0
2024-10-21 11:20:06,23770.0
2024-10-21 11:20:11,23760.0
2024-10-21 11:20:15,23770.0
2024-10-21 11:20:29,23780.0
2024-10-21 11:20:33,23780.0
2024-10-21 11:20:40,23775.0
2024-10-21 11:20:47,23775.0
2024-10-21 11:20:54,23780.0
2024-10-21 11:20:55,23775.0
2024-10-21 11:21:05,23775.0
2024-10-21 11:21:15,23780.0
2024-10-21 11:21:23,23780.0
2024-10-21 11:21:31,23780.0
2024-10-21 11:21:38,23775.0
2024-10-21 11:21:41,23765.0
2024-10-21 11:21:47,23760.0
2024-10-21 11:21:52,23760.0
2024-10-21 11:22:01,23765.0
2024-10-21 11:22:06,23775.0
2024-10-21 11:22:12,23770.0
2024-10-21 11:22:20,23770.0
2024-10-21 11:22:31,23770.0
2024-10-21 11:22:37,23765.0
2024-10-21 11:22:42,23770.0
2024-10-21 11:22:47,23770.0
2024-10-21 11:22:55,23770.0
2024-10-21 11:23:08,23770.0
2024-10-21 11:23:10,23765.0
2024-10-21 11:23:18,23765.0
2024-10-21 11:23:21,23770.0
2024-10-21 11:23:30,23765.0
2024-10-21 11:23:44,23765.0
2024-10-21 11:23:52,23770.0
2024-10-21 11:24:06,23765.0
2024-10-21 11:24:10,23760.0
2024-10-21 11:24:20,23760.0
2024-10-21 11:24:23,23755.0
2024-10-21 11:24:31,23755.0
2024-10-21 11:24:36,23755.0
2024-10-21 11:24:38,23750.0
2024-10-21 11:24:52,23755.0
2024-10-21 11:25:00,23760.0
2024-10-21 11:25:02,23760.0
2024-10-21 11:25:12,23760.0
2024-10-21 11:25:15,23760.0
2024-10-21 11:25:21,23755.0
2024-10-21 11:25:29,23755.0
2024-10-21 11:25:34,23760.0
2024-10-21 11:25:42,23760.0
2024-10-21 11:25:47,23750.0
2024-10-21 11:25:54,23750.0
2024-10-21 11:26:00,23750.0
2024-10-21 11:26:12,23745.0
2024-10-21 11:26:18,23740.0
2024-10-21 11:26:25,23745.0
2024-10-21 11:26:32,23740.0
2024-10-21 11:26:33,23740.0
2024-10-21 11:26:44,23735.0
2024-10-21 11:26:54,23730.0
2024-10-21 11:27:02,23730.0
2024-10-21 11:27:07,23725.0
2024-10-21 11:27:14,23720.0
2024-10-21 11:27:20,23720.0
2024-10-21 11:27:25,23730.0
2024-10-21 11:27:27,23735.0
2024-10-21 11:27:36,23735.0
2024-10-21 11:27:44,23740.0
2024-10-21 11:27:50,23755.0
2024-10-21 11:28:00,23760.0
2024-10-21 11:28:15,23760.0
2024-10-21 11:28:21,23760.0
2024-10-21 11:28:30,23755.0
2024-10-21 11:28:34,23755.0
2024-10-21 11:28:45,23755.0
2024-10-21 11:28:50,23755.0
2024-10-21 11:28:56,23755.0
2024-10-21 11:29:04,23755.0
2024-10-21 11:29:13,23755.0
2024-10-21 11:29:20,23755.0
2024-10-21 11:29:24,23755.0
2024-10-21 11:29:28,23755.0
2024-10-21 11:29:37,23760.0
2024-10-21 11:29:41,23755.0
2024-10-21 11:29:48,23760.0
2024-10-21 11:29:56,23755.0
2024-10-21 11:30:00,23750.0
